-- phpMyAdmin SQL Dump
-- version 4.7.4
-- https://www.phpmyadmin.net/
--
-- Gép: 127.0.0.1
-- Létrehozás ideje: 2019. Feb 05. 13:34
-- Kiszolgáló verziója: 10.1.30-MariaDB
-- PHP verzió: 7.2.1

SET SQL_MODE = "NO_AUTO_VALUE_ON_ZERO";
SET AUTOCOMMIT = 0;
START TRANSACTION;
SET time_zone = "+00:00";


/*!40101 SET @OLD_CHARACTER_SET_CLIENT=@@CHARACTER_SET_CLIENT */;
/*!40101 SET @OLD_CHARACTER_SET_RESULTS=@@CHARACTER_SET_RESULTS */;
/*!40101 SET @OLD_COLLATION_CONNECTION=@@COLLATION_CONNECTION */;
/*!40101 SET NAMES utf8mb4 */;

--
-- Adatbázis: `szaki.hu`
--

-- --------------------------------------------------------

--
-- Tábla szerkezet ehhez a táblához `chat`
--

CREATE TABLE `chat` (
  `id` int(11) NOT NULL,
  `sender` int(11) NOT NULL,
  `taker` int(11) NOT NULL,
  `message` text COLLATE utf8_hungarian_ci NOT NULL,
  `date` datetime NOT NULL DEFAULT CURRENT_TIMESTAMP
) ENGINE=InnoDB DEFAULT CHARSET=utf8 COLLATE=utf8_hungarian_ci;

--
-- A tábla adatainak kiíratása `chat`
--

INSERT INTO `chat` (`id`, `sender`, `taker`, `message`, `date`) VALUES
(1, 1, 1, 'csumi', '2019-01-21 12:24:06'),
(2, 1, 1, 'csumi', '2019-01-21 12:25:53'),
(3, 2, 1, 'csákó\n', '2019-01-21 12:47:19'),
(4, 1, 2, 'csumi', '2019-01-22 09:11:23'),
(5, 1, 2, 'hallod', '2019-01-22 13:47:29'),
(6, 2, 1, 'mi ez?', '2019-01-22 13:48:05'),
(7, 1, 3, 'csumi', '2019-01-23 11:13:12'),
(8, 1, 3, 'csá', '2019-02-05 12:59:05');

-- --------------------------------------------------------

--
-- Tábla szerkezet ehhez a táblához `contractors`
--

CREATE TABLE `contractors` (
  `id` int(11) NOT NULL,
  `userID` int(11) NOT NULL,
  `job_name` varchar(50) COLLATE utf8_hungarian_ci DEFAULT NULL,
  `job_title` varchar(50) COLLATE utf8_hungarian_ci DEFAULT NULL,
  `description` text COLLATE utf8_hungarian_ci,
  `state` varchar(50) COLLATE utf8_hungarian_ci DEFAULT NULL
) ENGINE=InnoDB DEFAULT CHARSET=utf8 COLLATE=utf8_hungarian_ci;

--
-- A tábla adatainak kiíratása `contractors`
--

INSERT INTO `contractors` (`id`, `userID`, `job_name`, `job_title`, `description`, `state`) VALUES
(1, 1, 'Szaki.hu', 'Developer', 'Lorem ipsum dolor sit amet, consectetur adipiscing elit. Nullam tortor tortor, luctus id erat euismod, elementum blandit sem. Proin et leo nec dui scelerisque finibus. Pellentesque ultricies dui facilisis tincidunt porttitor.', '19'),
(2, 4, NULL, 'Sport fótos', NULL, NULL),
(3, 5, NULL, 'Programozó', NULL, NULL),
(4, 6, NULL, 'Sport fótos', NULL, NULL),
(5, 7, NULL, 'Kőműves', NULL, NULL),
(6, 8, NULL, 'Magántanár', NULL, NULL);

-- --------------------------------------------------------

--
-- Tábla szerkezet ehhez a táblához `likes`
--

CREATE TABLE `likes` (
  `id` int(11) NOT NULL,
  `contractorID` int(11) NOT NULL,
  `userID` int(11) NOT NULL,
  `liked` tinyint(1) NOT NULL
) ENGINE=InnoDB DEFAULT CHARSET=utf8 COLLATE=utf8_hungarian_ci;

--
-- A tábla adatainak kiíratása `likes`
--

INSERT INTO `likes` (`id`, `contractorID`, `userID`, `liked`) VALUES
(1, 1, 2, 1),
(2, 1, 3, 0),
(3, 1, 4, 1);

-- --------------------------------------------------------

--
-- Tábla szerkezet ehhez a táblához `log`
--

CREATE TABLE `log` (
  `id` int(11) NOT NULL,
  `userID` int(11) NOT NULL,
  `site` varchar(25) COLLATE utf8_hungarian_ci NOT NULL,
  `activity` varchar(25) COLLATE utf8_hungarian_ci NOT NULL,
  `date` datetime NOT NULL DEFAULT CURRENT_TIMESTAMP
) ENGINE=InnoDB DEFAULT CHARSET=utf8 COLLATE=utf8_hungarian_ci;

--
-- A tábla adatainak kiíratása `log`
--

INSERT INTO `log` (`id`, `userID`, `site`, `activity`, `date`) VALUES
(1, 8, 'loggedin', 'visit', '2018-10-24 09:42:53'),
(2, 1, 'loggedin', 'visit', '2018-12-14 13:12:52'),
(3, 4, 'loggedin', 'visit', '2018-12-30 21:34:07'),
(4, 5, 'loggedin', 'visit', '2018-10-13 03:29:09'),
(5, 4, 'profile', 'visit', '2018-11-12 02:37:00'),
(6, 8, 'loggedin', 'visit', '2018-11-01 01:32:34'),
(7, 2, 'chat', 'visit', '2018-12-28 04:19:26'),
(8, 2, 'chat', 'visit', '2018-12-23 04:11:19'),
(9, 4, 'profile', 'visit', '2019-01-08 16:52:22'),
(10, 3, 'profile', 'visit', '2019-01-21 12:21:23'),
(11, 4, 'profile', 'visit', '2018-10-19 12:10:04'),
(12, 6, 'search', 'visit', '2018-11-03 15:40:05'),
(13, 4, 'chat', 'visit', '2018-12-24 22:24:13'),
(14, 6, 'profile', 'visit', '2018-10-05 14:05:32'),
(15, 3, 'chat', 'visit', '2018-12-13 07:57:05'),
(16, 2, 'loggedin', 'visit', '2018-11-18 19:31:48'),
(17, 8, 'loggedin', 'visit', '2018-12-23 13:25:21'),
(18, 5, 'chat', 'visit', '2018-10-18 04:30:41'),
(19, 3, 'loggedin', 'visit', '2018-10-20 12:00:26'),
(20, 4, 'profile', 'visit', '2018-11-26 00:07:46'),
(21, 8, 'loggedin', 'visit', '2018-11-25 06:19:53'),
(22, 6, 'search', 'visit', '2019-01-18 09:28:00'),
(23, 5, 'chat', 'visit', '2019-01-03 10:41:26'),
(24, 1, 'chat', 'visit', '2018-12-12 17:28:02'),
(25, 1, 'chat', 'visit', '2018-10-18 05:23:24'),
(26, 8, 'profile', 'visit', '2019-01-27 18:17:12'),
(27, 3, 'profile', 'visit', '2018-11-12 16:17:10'),
(28, 1, 'chat', 'visit', '2018-12-11 06:43:08'),
(29, 3, 'profile', 'visit', '2019-02-03 03:09:50'),
(30, 8, 'search', 'visit', '2019-01-25 09:42:10'),
(31, 1, 'profile', 'visit', '2018-11-16 08:37:59'),
(32, 2, 'profile', 'visit', '2018-10-18 10:11:17'),
(33, 7, 'search', 'visit', '2019-01-01 13:17:02'),
(34, 6, 'chat', 'visit', '2018-10-19 14:59:11'),
(35, 8, 'loggedin', 'visit', '2018-10-29 17:27:30'),
(36, 8, 'profile', 'visit', '2019-01-25 06:41:50'),
(37, 3, 'loggedin', 'visit', '2018-10-15 20:45:55'),
(38, 4, 'search', 'visit', '2018-10-26 21:33:37'),
(39, 4, 'search', 'visit', '2019-02-01 05:52:26'),
(40, 5, 'profile', 'visit', '2018-11-03 14:50:47'),
(41, 1, 'search', 'visit', '2018-10-08 19:06:57'),
(42, 2, 'search', 'visit', '2019-01-01 06:56:17'),
(43, 8, 'loggedin', 'visit', '2018-10-30 11:01:55'),
(44, 8, 'search', 'visit', '2018-11-14 00:53:36'),
(45, 2, 'search', 'visit', '2018-12-19 20:16:45'),
(46, 2, 'search', 'visit', '2019-01-03 10:12:47'),
(47, 3, 'loggedin', 'visit', '2018-12-27 22:39:54'),
(48, 1, 'profile', 'visit', '2018-12-12 01:11:42'),
(49, 5, 'search', 'visit', '2018-10-31 08:16:52'),
(50, 5, 'search', 'visit', '2018-11-01 02:09:53'),
(51, 2, 'loggedin', 'visit', '2019-01-13 13:28:03'),
(52, 1, 'search', 'visit', '2019-01-31 10:16:11'),
(53, 2, 'chat', 'visit', '2018-11-04 03:38:50'),
(54, 1, 'search', 'visit', '2019-01-22 01:06:15'),
(55, 6, 'loggedin', 'visit', '2019-01-05 02:41:44'),
(56, 3, 'loggedin', 'visit', '2019-02-03 17:29:02'),
(57, 2, 'search', 'visit', '2019-01-07 01:55:31'),
(58, 2, 'profile', 'visit', '2018-12-14 22:08:02'),
(59, 2, 'loggedin', 'visit', '2018-10-08 15:46:21'),
(60, 6, 'profile', 'visit', '2018-11-28 15:01:43'),
(61, 2, 'search', 'visit', '2018-10-22 19:42:28'),
(62, 8, 'loggedin', 'visit', '2018-11-24 10:19:33'),
(63, 6, 'search', 'visit', '2018-11-30 06:58:25'),
(64, 8, 'chat', 'visit', '2018-11-09 23:03:41'),
(65, 8, 'profile', 'visit', '2018-12-31 23:01:14'),
(66, 4, 'profile', 'visit', '2018-11-17 17:18:59'),
(67, 7, 'loggedin', 'visit', '2018-10-18 07:13:34'),
(68, 3, 'search', 'visit', '2018-11-18 05:19:03'),
(69, 4, 'profile', 'visit', '2019-01-16 06:53:41'),
(70, 6, 'loggedin', 'visit', '2018-10-22 15:22:41'),
(71, 1, 'profile', 'visit', '2018-11-11 03:01:12'),
(72, 4, 'search', 'visit', '2018-12-21 06:49:30'),
(73, 1, 'profile', 'visit', '2018-11-24 05:19:29'),
(74, 3, 'search', 'visit', '2018-10-13 19:18:12'),
(75, 1, 'search', 'visit', '2019-01-28 02:39:18'),
(76, 3, 'profile', 'visit', '2018-10-14 02:02:29'),
(77, 3, 'loggedin', 'visit', '2019-01-09 11:59:23'),
(78, 5, 'loggedin', 'visit', '2018-10-15 18:34:15'),
(79, 7, 'chat', 'visit', '2018-10-15 02:32:28'),
(80, 1, 'profile', 'visit', '2018-11-14 18:34:03'),
(81, 6, 'loggedin', 'visit', '2018-11-28 18:59:04'),
(82, 7, 'loggedin', 'visit', '2018-12-03 21:32:05'),
(83, 5, 'search', 'visit', '2018-12-21 01:31:34'),
(84, 3, 'profile', 'visit', '2018-10-14 07:56:24'),
(85, 3, 'chat', 'visit', '2018-12-15 20:29:10'),
(86, 3, 'loggedin', 'visit', '2018-12-30 21:35:13'),
(87, 8, 'chat', 'visit', '2018-10-20 15:28:27'),
(88, 7, 'chat', 'visit', '2018-12-06 03:34:51'),
(89, 8, 'search', 'visit', '2018-10-17 14:48:01'),
(90, 3, 'loggedin', 'visit', '2018-11-27 14:41:38'),
(91, 2, 'profile', 'visit', '2019-01-02 17:20:08'),
(92, 8, 'loggedin', 'visit', '2018-12-07 02:33:45'),
(93, 6, 'chat', 'visit', '2018-12-14 07:26:32'),
(94, 1, 'chat', 'visit', '2018-11-10 10:26:09'),
(95, 1, 'profile', 'visit', '2019-02-04 22:07:58'),
(96, 6, 'profile', 'visit', '2018-12-13 15:32:17'),
(97, 6, 'profile', 'visit', '2019-01-24 11:27:14'),
(98, 4, 'loggedin', 'visit', '2018-11-02 02:56:46'),
(99, 6, 'search', 'visit', '2018-10-20 00:51:49'),
(100, 5, 'loggedin', 'visit', '2018-11-03 15:54:48'),
(101, 4, 'chat', 'visit', '2018-10-30 20:25:10'),
(102, 2, 'chat', 'visit', '2018-11-21 00:25:53'),
(103, 1, 'loggedin', 'visit', '2018-10-15 03:08:11'),
(104, 6, 'loggedin', 'visit', '2018-12-16 01:41:19'),
(105, 8, 'search', 'visit', '2018-10-05 04:55:21'),
(106, 3, 'search', 'visit', '2018-12-10 03:41:58'),
(107, 5, 'profile', 'visit', '2018-11-15 08:38:53'),
(108, 6, 'profile', 'visit', '2018-11-14 13:54:31'),
(109, 6, 'chat', 'visit', '2018-12-05 18:42:00'),
(110, 3, 'chat', 'visit', '2018-12-16 18:43:21'),
(111, 1, 'chat', 'visit', '2018-11-12 19:47:59'),
(112, 2, 'loggedin', 'visit', '2019-01-02 07:49:56'),
(113, 7, 'loggedin', 'visit', '2019-01-10 03:02:39'),
(114, 8, 'chat', 'visit', '2018-12-21 17:40:51'),
(115, 3, 'chat', 'visit', '2018-11-25 14:52:11'),
(116, 7, 'loggedin', 'visit', '2018-12-27 20:14:14'),
(117, 2, 'search', 'visit', '2019-01-26 05:14:22'),
(118, 6, 'loggedin', 'visit', '2019-01-05 19:34:48'),
(119, 4, 'search', 'visit', '2019-01-26 08:45:31'),
(120, 3, 'loggedin', 'visit', '2018-12-23 16:18:09'),
(121, 8, 'search', 'visit', '2018-12-19 00:47:43'),
(122, 2, 'search', 'visit', '2018-10-31 11:08:43'),
(123, 7, 'search', 'visit', '2018-11-21 20:55:26'),
(124, 4, 'loggedin', 'visit', '2018-11-15 18:42:43'),
(125, 2, 'chat', 'visit', '2018-12-15 22:41:09'),
(126, 3, 'profile', 'visit', '2018-10-18 20:33:31'),
(127, 5, 'chat', 'visit', '2019-01-03 03:57:03'),
(128, 8, 'search', 'visit', '2019-01-14 23:49:56'),
(129, 4, 'search', 'visit', '2018-12-09 01:41:44'),
(130, 6, 'profile', 'visit', '2018-12-28 22:00:08'),
(131, 4, 'loggedin', 'visit', '2018-11-07 08:10:41'),
(132, 2, 'search', 'visit', '2018-10-07 08:36:20'),
(133, 3, 'chat', 'visit', '2018-11-09 01:20:17'),
(134, 8, 'search', 'visit', '2018-12-20 02:35:34'),
(135, 7, 'loggedin', 'visit', '2019-02-01 03:11:36'),
(136, 4, 'loggedin', 'visit', '2018-11-03 16:40:03'),
(137, 2, 'loggedin', 'visit', '2018-10-17 19:55:27'),
(138, 4, 'loggedin', 'visit', '2018-12-14 07:26:36'),
(139, 3, 'search', 'visit', '2018-10-18 00:27:06'),
(140, 4, 'chat', 'visit', '2018-10-01 07:32:32'),
(141, 6, 'search', 'visit', '2018-11-13 01:17:03'),
(142, 3, 'chat', 'visit', '2018-12-21 14:05:59'),
(143, 4, 'loggedin', 'visit', '2019-01-25 07:01:19'),
(144, 4, 'chat', 'visit', '2019-02-01 06:30:02'),
(145, 7, 'loggedin', 'visit', '2018-12-10 15:43:41'),
(146, 5, 'search', 'visit', '2018-12-08 04:58:05'),
(147, 7, 'chat', 'visit', '2019-01-10 19:49:40'),
(148, 5, 'profile', 'visit', '2018-11-23 17:05:34'),
(149, 1, 'profile', 'visit', '2019-01-07 06:00:01'),
(150, 1, 'chat', 'visit', '2018-10-14 08:44:36'),
(151, 8, 'loggedin', 'visit', '2018-10-04 03:25:27'),
(152, 3, 'chat', 'visit', '2019-01-15 09:13:42'),
(153, 7, 'profile', 'visit', '2018-10-06 02:01:21'),
(154, 4, 'profile', 'visit', '2019-01-31 17:26:21'),
(155, 1, 'profile', 'visit', '2019-01-04 17:22:29'),
(156, 5, 'loggedin', 'visit', '2019-01-08 16:38:55'),
(157, 4, 'profile', 'visit', '2019-01-14 15:46:34'),
(158, 7, 'search', 'visit', '2018-11-08 23:40:30'),
(159, 1, 'search', 'visit', '2019-01-14 06:14:13'),
(160, 3, 'profile', 'visit', '2018-10-02 19:46:10'),
(161, 3, 'chat', 'visit', '2019-01-18 18:24:36'),
(162, 4, 'profile', 'visit', '2019-01-11 22:10:29'),
(163, 2, 'search', 'visit', '2018-10-22 10:46:34'),
(164, 7, 'chat', 'visit', '2018-10-07 21:16:32'),
(165, 6, 'loggedin', 'visit', '2018-12-08 03:52:24'),
(166, 3, 'search', 'visit', '2018-11-16 14:10:19'),
(167, 5, 'chat', 'visit', '2018-12-10 14:25:04'),
(168, 6, 'search', 'visit', '2018-11-30 20:04:43'),
(169, 7, 'chat', 'visit', '2018-12-12 07:23:32'),
(170, 8, 'search', 'visit', '2018-11-23 23:36:55'),
(171, 1, 'loggedin', 'visit', '2019-01-05 13:22:04'),
(172, 3, 'loggedin', 'visit', '2018-10-29 10:59:02'),
(173, 6, 'chat', 'visit', '2018-11-21 10:04:53'),
(174, 5, 'search', 'visit', '2019-01-30 23:52:59'),
(175, 2, 'search', 'visit', '2019-01-29 12:22:17'),
(176, 3, 'search', 'visit', '2018-11-13 23:50:46'),
(177, 1, 'profile', 'visit', '2018-12-25 19:35:29'),
(178, 7, 'chat', 'visit', '2019-01-09 09:19:17'),
(179, 2, 'profile', 'visit', '2018-11-26 13:22:51'),
(180, 1, 'search', 'visit', '2018-12-01 08:46:19'),
(181, 7, 'chat', 'visit', '2018-10-13 23:27:20'),
(182, 8, 'search', 'visit', '2018-11-19 13:29:50'),
(183, 8, 'loggedin', 'visit', '2019-01-31 13:44:51'),
(184, 1, 'chat', 'visit', '2019-01-15 05:41:51'),
(185, 2, 'search', 'visit', '2018-10-19 03:55:36'),
(186, 4, 'search', 'visit', '2018-12-07 19:41:10'),
(187, 7, 'profile', 'visit', '2018-12-15 07:56:08'),
(188, 1, 'loggedin', 'visit', '2018-11-26 17:08:17'),
(189, 1, 'profile', 'visit', '2019-01-02 09:12:58'),
(190, 4, 'loggedin', 'visit', '2019-01-05 17:38:34'),
(191, 7, 'search', 'visit', '2019-02-02 09:19:43'),
(192, 7, 'profile', 'visit', '2018-12-21 01:33:26'),
(193, 7, 'search', 'visit', '2018-10-10 14:55:59'),
(194, 2, 'profile', 'visit', '2018-12-18 12:01:36'),
(195, 3, 'search', 'visit', '2018-12-09 09:45:51'),
(196, 3, 'chat', 'visit', '2018-12-18 20:00:39'),
(197, 8, 'chat', 'visit', '2018-10-12 11:06:45'),
(198, 1, 'profile', 'visit', '2019-01-26 18:48:58'),
(199, 1, 'chat', 'visit', '2018-12-03 07:11:32'),
(200, 4, 'loggedin', 'visit', '2018-11-10 11:06:02'),
(201, 3, 'profile', 'visit', '2018-10-17 11:09:01'),
(202, 3, 'profile', 'visit', '2018-12-19 19:04:06'),
(203, 2, 'search', 'visit', '2018-10-10 05:11:47'),
(204, 5, 'profile', 'visit', '2018-11-07 10:02:40'),
(205, 4, 'search', 'visit', '2018-10-13 05:57:22'),
(206, 5, 'loggedin', 'visit', '2018-10-17 23:33:48'),
(207, 7, 'chat', 'visit', '2018-10-07 05:35:48'),
(208, 2, 'chat', 'visit', '2018-11-04 22:46:01'),
(209, 5, 'loggedin', 'visit', '2018-12-29 20:36:27'),
(210, 6, 'search', 'visit', '2018-10-06 20:34:41'),
(211, 2, 'loggedin', 'visit', '2018-11-23 20:40:33'),
(212, 1, 'loggedin', 'visit', '2018-11-15 17:50:33'),
(213, 1, 'chat', 'visit', '2018-10-05 03:17:34'),
(214, 5, 'chat', 'visit', '2018-10-30 19:53:18'),
(215, 8, 'loggedin', 'visit', '2018-11-20 19:29:35'),
(216, 1, 'search', 'visit', '2018-12-31 21:17:52'),
(217, 5, 'profile', 'visit', '2018-12-08 06:18:15'),
(218, 4, 'search', 'visit', '2018-12-01 19:29:50'),
(219, 5, 'chat', 'visit', '2019-01-20 03:02:54'),
(220, 3, 'loggedin', 'visit', '2018-11-06 15:03:53'),
(221, 2, 'profile', 'visit', '2018-11-11 03:53:01'),
(222, 8, 'chat', 'visit', '2018-12-11 21:56:32'),
(223, 5, 'chat', 'visit', '2018-10-02 22:06:55'),
(224, 4, 'chat', 'visit', '2019-01-01 08:46:54'),
(225, 4, 'profile', 'visit', '2018-11-12 16:22:03'),
(226, 5, 'search', 'visit', '2018-12-28 12:19:59'),
(227, 4, 'search', 'visit', '2019-01-18 14:22:02'),
(228, 5, 'chat', 'visit', '2018-12-29 11:08:32'),
(229, 5, 'profile', 'visit', '2018-10-26 15:24:53'),
(230, 3, 'loggedin', 'visit', '2018-11-26 01:28:50'),
(231, 3, 'loggedin', 'visit', '2018-11-13 19:01:22'),
(232, 5, 'chat', 'visit', '2018-12-29 05:24:22'),
(233, 2, 'profile', 'visit', '2018-12-10 07:13:19'),
(234, 5, 'profile', 'visit', '2018-11-19 07:32:18'),
(235, 4, 'loggedin', 'visit', '2018-11-11 09:04:39'),
(236, 6, 'loggedin', 'visit', '2018-12-12 01:05:35'),
(237, 2, 'profile', 'visit', '2019-01-06 22:54:26'),
(238, 7, 'profile', 'visit', '2018-12-03 07:12:31'),
(239, 8, 'loggedin', 'visit', '2018-11-20 22:13:21'),
(240, 1, 'loggedin', 'visit', '2018-10-07 13:52:50'),
(241, 8, 'chat', 'visit', '2019-01-19 12:24:55'),
(242, 4, 'chat', 'visit', '2018-10-17 08:26:28'),
(243, 6, 'chat', 'visit', '2019-01-10 07:55:37'),
(244, 4, 'search', 'visit', '2018-11-29 02:08:00'),
(245, 3, 'loggedin', 'visit', '2018-11-29 06:02:31'),
(246, 6, 'chat', 'visit', '2018-11-12 06:24:36'),
(247, 1, 'search', 'visit', '2018-11-27 18:47:25'),
(248, 3, 'profile', 'visit', '2018-10-26 06:10:57'),
(249, 4, 'search', 'visit', '2018-10-30 22:34:03'),
(250, 8, 'chat', 'visit', '2018-12-22 16:49:58'),
(251, 7, 'search', 'visit', '2019-01-12 13:37:59'),
(252, 6, 'loggedin', 'visit', '2018-12-12 00:38:26'),
(253, 7, 'chat', 'visit', '2018-12-17 13:39:06'),
(254, 4, 'profile', 'visit', '2018-10-31 12:31:41'),
(255, 1, 'loggedin', 'visit', '2018-11-18 17:00:49'),
(256, 5, 'search', 'visit', '2019-01-12 22:58:55'),
(257, 4, 'profile', 'visit', '2019-01-13 04:11:42'),
(258, 1, 'loggedin', 'visit', '2018-10-24 08:00:08'),
(259, 4, 'profile', 'visit', '2018-11-19 14:42:36'),
(260, 4, 'loggedin', 'visit', '2018-10-28 10:11:33'),
(261, 5, 'chat', 'visit', '2018-11-22 22:43:40'),
(262, 3, 'profile', 'visit', '2019-01-17 08:01:38'),
(263, 1, 'chat', 'visit', '2018-11-07 19:44:28'),
(264, 1, 'loggedin', 'visit', '2019-01-28 06:03:18'),
(265, 3, 'profile', 'visit', '2018-11-14 12:11:27'),
(266, 4, 'profile', 'visit', '2018-11-25 05:57:16'),
(267, 3, 'chat', 'visit', '2018-10-29 09:22:01'),
(268, 6, 'loggedin', 'visit', '2018-11-13 13:18:39'),
(269, 8, 'search', 'visit', '2018-10-02 07:27:50'),
(270, 1, 'profile', 'visit', '2019-01-15 03:11:38'),
(271, 5, 'loggedin', 'visit', '2018-12-25 09:00:10'),
(272, 3, 'profile', 'visit', '2019-02-05 11:51:50'),
(273, 1, 'loggedin', 'visit', '2019-01-23 10:40:55'),
(274, 4, 'chat', 'visit', '2019-01-25 11:01:08'),
(275, 5, 'search', 'visit', '2019-01-29 18:48:43'),
(276, 5, 'profile', 'visit', '2018-12-05 15:19:12'),
(277, 4, 'profile', 'visit', '2019-01-14 19:30:58'),
(278, 8, 'search', 'visit', '2019-01-05 14:20:40'),
(279, 4, 'search', 'visit', '2018-12-16 09:51:26'),
(280, 2, 'chat', 'visit', '2018-10-25 19:40:13'),
(281, 2, 'chat', 'visit', '2018-11-18 12:43:02'),
(282, 2, 'profile', 'visit', '2018-12-31 18:26:33'),
(283, 2, 'profile', 'visit', '2019-01-11 12:37:31'),
(284, 7, 'profile', 'visit', '2018-10-08 11:24:28'),
(285, 2, 'loggedin', 'visit', '2018-12-05 17:38:16'),
(286, 7, 'search', 'visit', '2018-10-15 00:53:25'),
(287, 8, 'profile', 'visit', '2018-10-08 17:06:31'),
(288, 1, 'search', 'visit', '2019-01-10 02:10:01'),
(289, 2, 'loggedin', 'visit', '2018-10-27 19:01:50'),
(290, 1, 'search', 'visit', '2018-10-11 09:02:24'),
(291, 8, 'search', 'visit', '2018-12-13 23:36:13'),
(292, 2, 'profile', 'visit', '2018-10-15 08:19:08'),
(293, 2, 'chat', 'visit', '2018-10-11 18:24:43'),
(294, 6, 'search', 'visit', '2018-11-15 03:37:09'),
(295, 2, 'chat', 'visit', '2018-11-10 04:37:24'),
(296, 3, 'search', 'visit', '2018-12-05 03:54:13'),
(297, 3, 'loggedin', 'visit', '2019-01-02 21:39:49'),
(298, 8, 'search', 'visit', '2018-12-31 13:38:44'),
(299, 5, 'profile', 'visit', '2018-12-24 21:16:38'),
(300, 4, 'profile', 'visit', '2018-11-20 17:44:00'),
(301, 4, 'profile', 'visit', '2018-10-18 08:03:42'),
(302, 7, 'search', 'visit', '2018-12-06 09:48:58'),
(303, 3, 'profile', 'visit', '2018-12-24 23:05:01'),
(304, 4, 'loggedin', 'visit', '2018-11-03 04:47:54'),
(305, 5, 'loggedin', 'visit', '2018-10-13 10:36:58'),
(306, 6, 'profile', 'visit', '2018-11-06 18:40:55'),
(307, 8, 'profile', 'visit', '2018-11-01 14:46:15'),
(308, 4, 'profile', 'visit', '2018-12-16 22:46:13'),
(309, 7, 'loggedin', 'visit', '2018-10-16 00:24:22'),
(310, 2, 'loggedin', 'visit', '2018-12-07 17:18:35'),
(311, 6, 'chat', 'visit', '2018-10-03 23:47:27'),
(312, 1, 'chat', 'visit', '2018-12-09 06:13:08'),
(313, 1, 'chat', 'visit', '2018-10-31 23:04:39'),
(314, 1, 'loggedin', 'visit', '2019-01-15 09:22:11'),
(315, 5, 'loggedin', 'visit', '2018-10-10 20:02:23'),
(316, 8, 'search', 'visit', '2018-12-10 06:23:55'),
(317, 2, 'loggedin', 'visit', '2019-01-12 00:11:09'),
(318, 5, 'chat', 'visit', '2018-10-19 11:31:07'),
(319, 4, 'chat', 'visit', '2019-01-07 15:41:34'),
(320, 3, 'profile', 'visit', '2018-12-05 04:30:37'),
(321, 2, 'chat', 'visit', '2019-01-29 06:43:03'),
(322, 3, 'loggedin', 'visit', '2018-10-18 14:59:07'),
(323, 4, 'search', 'visit', '2018-12-18 08:37:21'),
(324, 3, 'loggedin', 'visit', '2018-11-01 22:31:21'),
(325, 6, 'loggedin', 'visit', '2018-11-15 03:56:13'),
(326, 3, 'search', 'visit', '2018-12-07 04:07:30'),
(327, 4, 'chat', 'visit', '2018-12-08 20:26:48'),
(328, 7, 'search', 'visit', '2018-11-04 10:55:08'),
(329, 2, 'chat', 'visit', '2018-12-18 11:20:13'),
(330, 8, 'profile', 'visit', '2018-12-30 16:21:19'),
(331, 8, 'chat', 'visit', '2019-01-15 07:40:14'),
(332, 3, 'loggedin', 'visit', '2019-01-05 18:55:58'),
(333, 6, 'chat', 'visit', '2018-12-10 13:56:20'),
(334, 4, 'profile', 'visit', '2018-10-11 01:35:55'),
(335, 1, 'profile', 'visit', '2019-01-29 04:47:55'),
(336, 8, 'chat', 'visit', '2018-12-16 15:08:50'),
(337, 8, 'profile', 'visit', '2018-12-29 01:41:20'),
(338, 3, 'chat', 'visit', '2018-10-31 19:54:03'),
(339, 2, 'profile', 'visit', '2019-01-12 09:57:43'),
(340, 1, 'profile', 'visit', '2018-10-23 02:55:33'),
(341, 8, 'search', 'visit', '2018-12-28 01:34:52'),
(342, 2, 'chat', 'visit', '2018-11-01 19:31:30'),
(343, 1, 'chat', 'visit', '2019-01-23 11:40:58'),
(344, 2, 'search', 'visit', '2019-01-04 09:33:41'),
(345, 1, 'chat', 'visit', '2019-01-02 20:34:50'),
(346, 4, 'loggedin', 'visit', '2018-11-08 16:27:06'),
(347, 2, 'profile', 'visit', '2018-12-25 20:13:25'),
(348, 7, 'profile', 'visit', '2019-01-08 02:21:51'),
(349, 1, 'search', 'visit', '2018-10-04 18:58:24'),
(350, 5, 'search', 'visit', '2018-11-21 10:58:53'),
(351, 5, 'chat', 'visit', '2018-11-13 13:09:45'),
(352, 4, 'chat', 'visit', '2018-10-20 11:44:52'),
(353, 3, 'chat', 'visit', '2018-11-28 00:01:54'),
(354, 7, 'loggedin', 'visit', '2019-01-28 14:36:18'),
(355, 1, 'search', 'visit', '2018-11-26 11:14:29'),
(356, 4, 'profile', 'visit', '2018-12-23 03:30:32'),
(357, 4, 'profile', 'visit', '2018-10-01 08:07:35'),
(358, 1, 'profile', 'visit', '2019-01-29 14:30:05'),
(359, 1, 'profile', 'visit', '2019-01-06 02:07:33'),
(360, 3, 'profile', 'visit', '2018-12-06 22:11:45'),
(361, 7, 'chat', 'visit', '2018-11-29 09:56:59'),
(362, 8, 'chat', 'visit', '2018-12-16 12:58:14'),
(363, 4, 'profile', 'visit', '2018-12-14 06:30:18'),
(364, 3, 'profile', 'visit', '2019-01-30 19:20:42'),
(365, 7, 'profile', 'visit', '2018-11-19 17:38:39'),
(366, 4, 'search', 'visit', '2018-11-30 19:37:25'),
(367, 3, 'chat', 'visit', '2018-11-03 06:14:31'),
(368, 4, 'search', 'visit', '2018-11-27 06:34:38'),
(369, 1, 'search', 'visit', '2018-10-18 12:53:38'),
(370, 3, 'search', 'visit', '2018-12-27 05:06:23'),
(371, 4, 'chat', 'visit', '2018-12-12 17:09:08'),
(372, 6, 'search', 'visit', '2018-12-21 09:49:12'),
(373, 5, 'search', 'visit', '2019-01-19 04:37:11'),
(374, 2, 'chat', 'visit', '2018-10-31 00:36:07'),
(375, 8, 'chat', 'visit', '2019-01-07 22:55:24'),
(376, 5, 'profile', 'visit', '2018-10-05 20:03:01'),
(377, 5, 'search', 'visit', '2019-01-03 03:51:31'),
(378, 5, 'chat', 'visit', '2018-12-17 15:43:29'),
(379, 1, 'loggedin', 'visit', '2019-01-10 10:19:05'),
(380, 6, 'search', 'visit', '2018-10-04 11:17:49'),
(381, 2, 'chat', 'visit', '2018-12-22 04:51:56'),
(382, 7, 'search', 'visit', '2019-02-01 10:38:52'),
(383, 1, 'loggedin', 'visit', '2018-12-25 11:11:15'),
(384, 4, 'chat', 'visit', '2018-10-28 04:29:40'),
(385, 6, 'chat', 'visit', '2018-10-22 14:22:24'),
(386, 2, 'loggedin', 'visit', '2018-10-14 14:23:51'),
(387, 3, 'profile', 'visit', '2018-12-27 18:37:02'),
(388, 8, 'search', 'visit', '2018-12-13 08:54:45'),
(389, 2, 'loggedin', 'visit', '2018-12-02 10:53:46'),
(390, 4, 'search', 'visit', '2019-01-12 14:04:11'),
(391, 3, 'search', 'visit', '2018-11-12 05:39:36'),
(392, 3, 'search', 'visit', '2018-10-12 06:47:07'),
(393, 2, 'loggedin', 'visit', '2018-12-26 11:58:45'),
(394, 7, 'loggedin', 'visit', '2018-12-25 02:08:04'),
(395, 5, 'chat', 'visit', '2018-10-04 17:36:58'),
(396, 8, 'chat', 'visit', '2018-10-03 15:52:15'),
(397, 3, 'loggedin', 'visit', '2018-12-15 11:45:52'),
(398, 2, 'chat', 'visit', '2018-10-25 03:05:06'),
(399, 8, 'chat', 'visit', '2018-12-01 21:39:36'),
(400, 8, 'profile', 'visit', '2018-12-12 01:55:45'),
(401, 6, 'profile', 'visit', '2018-12-22 00:03:34'),
(402, 2, 'search', 'visit', '2019-01-15 18:23:05'),
(403, 2, 'profile', 'visit', '2018-10-07 23:45:03'),
(404, 8, 'chat', 'visit', '2019-01-31 00:35:25'),
(405, 2, 'search', 'visit', '2019-01-05 13:43:21'),
(406, 4, 'loggedin', 'visit', '2019-02-04 03:47:27'),
(407, 1, 'profile', 'visit', '2018-12-09 18:31:51'),
(408, 7, 'profile', 'visit', '2018-12-22 13:30:28'),
(409, 8, 'search', 'visit', '2018-12-16 01:53:55'),
(410, 6, 'chat', 'visit', '2018-11-30 02:53:35'),
(411, 7, 'search', 'visit', '2018-12-28 15:29:25'),
(412, 2, 'loggedin', 'visit', '2018-10-24 15:05:48'),
(413, 4, 'profile', 'visit', '2018-11-10 04:05:01'),
(414, 4, 'loggedin', 'visit', '2018-12-05 15:40:49'),
(415, 8, 'search', 'visit', '2018-11-15 18:27:31'),
(416, 2, 'search', 'visit', '2018-12-10 06:39:10'),
(417, 7, 'chat', 'visit', '2018-10-31 05:15:37'),
(418, 5, 'search', 'visit', '2019-01-27 10:18:45'),
(419, 2, 'chat', 'visit', '2018-12-27 20:21:50'),
(420, 4, 'loggedin', 'visit', '2018-10-20 05:04:04'),
(421, 8, 'loggedin', 'visit', '2018-10-02 04:06:11'),
(422, 6, 'search', 'visit', '2018-10-16 10:41:17'),
(423, 1, 'profile', 'visit', '2018-12-05 16:56:58'),
(424, 8, 'loggedin', 'visit', '2018-11-12 07:07:50'),
(425, 7, 'profile', 'visit', '2018-12-12 17:35:48'),
(426, 5, 'chat', 'visit', '2019-02-03 05:25:10'),
(427, 2, 'chat', 'visit', '2018-12-13 07:22:51'),
(428, 4, 'loggedin', 'visit', '2018-11-01 18:11:58'),
(429, 8, 'loggedin', 'visit', '2019-01-07 22:56:48'),
(430, 5, 'search', 'visit', '2019-01-05 09:22:30'),
(431, 2, 'chat', 'visit', '2018-11-29 04:54:08'),
(432, 4, 'chat', 'visit', '2018-11-17 01:26:21'),
(433, 8, 'search', 'visit', '2018-11-22 17:56:09'),
(434, 1, 'chat', 'visit', '2018-10-08 02:14:23'),
(435, 8, 'loggedin', 'visit', '2019-01-17 09:44:52'),
(436, 7, 'search', 'visit', '2019-01-15 04:59:49'),
(437, 6, 'search', 'visit', '2018-11-18 11:40:06'),
(438, 7, 'chat', 'visit', '2018-12-07 19:50:42'),
(439, 8, 'profile', 'visit', '2019-01-28 08:32:48'),
(440, 7, 'search', 'visit', '2018-10-07 21:12:53'),
(441, 4, 'chat', 'visit', '2019-01-28 18:55:46'),
(442, 7, 'profile', 'visit', '2018-11-29 03:05:46'),
(443, 6, 'profile', 'visit', '2019-01-07 13:48:44'),
(444, 5, 'search', 'visit', '2018-11-06 13:14:10'),
(445, 5, 'profile', 'visit', '2019-01-16 04:24:01'),
(446, 3, 'search', 'visit', '2018-11-09 08:35:01'),
(447, 8, 'search', 'visit', '2018-11-10 01:42:52'),
(448, 5, 'loggedin', 'visit', '2019-02-05 07:54:10'),
(449, 2, 'loggedin', 'visit', '2018-10-05 08:14:37'),
(450, 5, 'profile', 'visit', '2018-10-05 07:19:03'),
(451, 4, 'loggedin', 'visit', '2019-01-11 21:42:34'),
(452, 1, 'profile', 'visit', '2018-12-11 15:22:18'),
(453, 3, 'chat', 'visit', '2018-11-25 00:18:51'),
(454, 1, 'loggedin', 'visit', '2018-12-16 09:26:55'),
(455, 1, 'chat', 'visit', '2019-01-12 13:34:55'),
(456, 4, 'search', 'visit', '2018-11-02 00:03:03'),
(457, 4, 'chat', 'visit', '2018-11-04 10:37:06'),
(458, 7, 'search', 'visit', '2019-02-01 18:50:41'),
(459, 3, 'search', 'visit', '2019-01-17 09:14:11'),
(460, 4, 'loggedin', 'visit', '2018-12-10 13:56:09'),
(461, 3, 'search', 'visit', '2018-11-21 13:37:58'),
(462, 6, 'chat', 'visit', '2018-10-19 08:05:59'),
(463, 6, 'search', 'visit', '2019-01-26 02:25:20'),
(464, 3, 'chat', 'visit', '2019-01-01 21:16:20'),
(465, 5, 'profile', 'visit', '2018-11-11 21:45:47'),
(466, 4, 'profile', 'visit', '2019-01-24 12:22:12'),
(467, 8, 'loggedin', 'visit', '2018-10-27 00:12:22'),
(468, 3, 'profile', 'visit', '2018-10-07 10:10:00'),
(469, 2, 'search', 'visit', '2018-12-19 16:50:43'),
(470, 6, 'search', 'visit', '2018-12-31 19:51:01'),
(471, 5, 'profile', 'visit', '2019-01-20 03:25:04'),
(472, 7, 'loggedin', 'visit', '2019-01-20 09:43:33'),
(473, 4, 'profile', 'visit', '2018-12-10 08:01:11'),
(474, 3, 'search', 'visit', '2018-11-23 02:53:27'),
(475, 5, 'loggedin', 'visit', '2018-11-22 20:11:37'),
(476, 6, 'profile', 'visit', '2018-10-11 16:07:06'),
(477, 2, 'profile', 'visit', '2018-11-09 20:25:27'),
(478, 5, 'search', 'visit', '2018-12-08 16:29:58'),
(479, 3, 'loggedin', 'visit', '2018-10-28 22:39:56'),
(480, 6, 'loggedin', 'visit', '2018-11-01 21:09:36'),
(481, 4, 'profile', 'visit', '2018-12-03 04:36:54'),
(482, 2, 'chat', 'visit', '2019-01-03 23:31:39'),
(483, 6, 'chat', 'visit', '2018-11-29 09:07:16'),
(484, 4, 'loggedin', 'visit', '2019-01-17 13:58:08'),
(485, 3, 'loggedin', 'visit', '2018-11-08 04:20:17'),
(486, 7, 'chat', 'visit', '2018-12-28 00:47:20'),
(487, 2, 'profile', 'visit', '2018-11-25 20:15:52'),
(488, 4, 'search', 'visit', '2018-11-21 00:38:47'),
(489, 4, 'chat', 'visit', '2018-10-24 13:34:42'),
(490, 8, 'search', 'visit', '2018-12-28 06:58:11'),
(491, 2, 'profile', 'visit', '2018-10-16 23:21:32'),
(492, 2, 'chat', 'visit', '2018-10-04 15:26:28'),
(493, 2, 'loggedin', 'visit', '2019-01-08 09:42:02'),
(494, 2, 'loggedin', 'visit', '2018-11-27 20:52:45'),
(495, 7, 'profile', 'visit', '2018-11-24 13:25:12'),
(496, 2, 'loggedin', 'visit', '2019-01-28 17:14:03'),
(497, 3, 'loggedin', 'visit', '2019-01-23 21:20:29'),
(498, 7, 'chat', 'visit', '2019-01-27 22:07:08'),
(499, 1, 'loggedin', 'visit', '2019-01-09 21:25:04'),
(500, 6, 'profile', 'visit', '2018-11-16 20:57:00'),
(501, 2, 'profile', 'visit', '2019-01-17 09:22:26'),
(502, 6, 'search', 'visit', '2019-01-10 08:26:44'),
(503, 8, 'profile', 'visit', '2019-01-27 21:01:59'),
(504, 3, 'search', 'visit', '2019-01-11 10:41:06'),
(505, 7, 'profile', 'visit', '2018-12-10 08:20:42'),
(506, 4, 'chat', 'visit', '2019-01-23 04:33:17'),
(507, 1, 'profile', 'visit', '2019-01-27 15:03:42'),
(508, 5, 'chat', 'visit', '2018-10-20 21:56:45'),
(509, 8, 'profile', 'visit', '2018-11-08 18:12:25'),
(510, 5, 'search', 'visit', '2019-01-01 22:16:42'),
(511, 6, 'search', 'visit', '2018-12-08 04:02:37'),
(512, 8, 'profile', 'visit', '2019-02-04 07:47:17'),
(513, 6, 'chat', 'visit', '2019-02-01 22:33:23'),
(514, 1, 'search', 'visit', '2019-01-24 10:07:14'),
(515, 5, 'loggedin', 'visit', '2018-11-05 20:28:58'),
(516, 2, 'chat', 'visit', '2018-10-23 06:49:25'),
(517, 2, 'loggedin', 'visit', '2018-12-27 10:07:23'),
(518, 5, 'loggedin', 'visit', '2019-01-21 02:44:22'),
(519, 8, 'search', 'visit', '2018-11-12 00:09:05'),
(520, 3, 'chat', 'visit', '2018-12-22 21:12:34'),
(521, 1, 'search', 'visit', '2018-11-10 06:50:48'),
(522, 4, 'profile', 'visit', '2019-01-08 07:52:44'),
(523, 2, 'profile', 'visit', '2019-01-04 17:31:29'),
(524, 1, 'profile', 'visit', '2019-01-23 13:10:06'),
(525, 1, 'loggedin', 'visit', '2019-01-12 15:11:25'),
(526, 5, 'profile', 'visit', '2018-12-16 21:45:30'),
(527, 4, 'search', 'visit', '2018-11-29 06:23:03'),
(528, 4, 'search', 'visit', '2018-11-28 17:54:02'),
(529, 8, 'search', 'visit', '2019-01-07 21:08:31'),
(530, 8, 'chat', 'visit', '2018-11-30 02:31:50'),
(531, 2, 'loggedin', 'visit', '2018-12-31 09:20:50'),
(532, 2, 'profile', 'visit', '2018-12-03 04:14:56'),
(533, 2, 'loggedin', 'visit', '2018-11-16 17:19:54'),
(534, 4, 'loggedin', 'visit', '2018-12-15 08:41:30'),
(535, 8, 'search', 'visit', '2018-10-29 02:43:38'),
(536, 6, 'chat', 'visit', '2018-12-01 12:57:50'),
(537, 5, 'profile', 'visit', '2019-01-09 06:27:15'),
(538, 1, 'profile', 'visit', '2019-02-05 10:49:46'),
(539, 5, 'profile', 'visit', '2018-10-14 23:48:42'),
(540, 6, 'profile', 'visit', '2019-01-11 22:09:06'),
(541, 2, 'search', 'visit', '2018-10-10 04:02:01'),
(542, 8, 'search', 'visit', '2019-01-04 13:35:08'),
(543, 8, 'profile', 'visit', '2018-10-30 02:34:22'),
(544, 5, 'chat', 'visit', '2019-01-17 05:09:14'),
(545, 2, 'profile', 'visit', '2018-12-17 14:25:26'),
(546, 3, 'search', 'visit', '2019-01-02 09:10:28'),
(547, 3, 'search', 'visit', '2019-01-22 02:53:43'),
(548, 4, 'search', 'visit', '2019-01-11 13:37:48'),
(549, 2, 'search', 'visit', '2019-01-07 16:58:00'),
(550, 5, 'search', 'visit', '2018-12-16 01:21:45'),
(551, 6, 'loggedin', 'visit', '2019-01-01 12:09:57'),
(552, 2, 'loggedin', 'visit', '2018-12-28 09:20:46'),
(553, 6, 'chat', 'visit', '2018-10-06 23:07:38'),
(554, 4, 'loggedin', 'visit', '2018-12-29 22:47:22'),
(555, 4, 'chat', 'visit', '2018-11-25 12:44:59'),
(556, 2, 'profile', 'visit', '2018-10-04 08:54:45'),
(557, 3, 'loggedin', 'visit', '2018-10-21 00:12:34'),
(558, 8, 'chat', 'visit', '2018-12-04 00:59:53'),
(559, 3, 'chat', 'visit', '2018-10-30 23:34:44'),
(560, 7, 'chat', 'visit', '2019-02-03 23:22:48'),
(561, 7, 'profile', 'visit', '2019-01-08 11:24:51'),
(562, 1, 'loggedin', 'visit', '2018-10-19 05:43:13'),
(563, 7, 'loggedin', 'visit', '2018-11-06 19:30:24'),
(564, 1, 'loggedin', 'visit', '2018-11-04 23:11:33'),
(565, 5, 'search', 'visit', '2018-10-17 16:53:08'),
(566, 1, 'profile', 'visit', '2018-12-30 02:13:37'),
(567, 7, 'search', 'visit', '2018-12-16 20:22:49'),
(568, 7, 'profile', 'visit', '2019-01-12 01:54:17'),
(569, 2, 'profile', 'visit', '2018-11-15 14:11:16'),
(570, 8, 'search', 'visit', '2018-10-13 23:40:38'),
(571, 1, 'loggedin', 'visit', '2018-10-13 03:45:35'),
(572, 7, 'chat', 'visit', '2018-12-02 02:35:19'),
(573, 4, 'profile', 'visit', '2018-12-21 17:40:13'),
(574, 5, 'loggedin', 'visit', '2018-10-12 03:24:55'),
(575, 8, 'loggedin', 'visit', '2019-01-30 17:00:56'),
(576, 7, 'search', 'visit', '2018-12-30 22:32:51'),
(577, 3, 'profile', 'visit', '2018-11-30 02:12:31'),
(578, 5, 'loggedin', 'visit', '2019-01-23 13:44:05'),
(579, 1, 'loggedin', 'visit', '2018-11-23 10:57:04'),
(580, 1, 'chat', 'visit', '2018-10-03 07:07:12'),
(581, 4, 'search', 'visit', '2019-01-22 22:52:28'),
(582, 5, 'loggedin', 'visit', '2018-10-01 20:26:05'),
(583, 7, 'profile', 'visit', '2019-01-05 08:12:12'),
(584, 3, 'profile', 'visit', '2019-01-31 11:29:58'),
(585, 1, 'chat', 'visit', '2018-12-26 21:36:38'),
(586, 4, 'profile', 'visit', '2019-01-09 13:43:52'),
(587, 2, 'chat', 'visit', '2018-11-03 22:30:02'),
(588, 6, 'search', 'visit', '2019-01-01 22:34:49'),
(589, 6, 'loggedin', 'visit', '2018-10-09 06:50:36'),
(590, 1, 'chat', 'visit', '2019-01-20 09:42:03'),
(591, 4, 'chat', 'visit', '2019-01-01 09:34:52'),
(592, 3, 'profile', 'visit', '2019-01-19 04:00:58'),
(593, 3, 'search', 'visit', '2018-10-24 14:43:03'),
(594, 1, 'search', 'visit', '2018-10-06 21:41:00'),
(595, 2, 'loggedin', 'visit', '2019-01-05 14:03:51'),
(596, 3, 'profile', 'visit', '2018-11-28 00:07:27'),
(597, 7, 'chat', 'visit', '2018-12-25 02:45:21'),
(598, 4, 'chat', 'visit', '2018-11-10 06:59:39'),
(599, 3, 'chat', 'visit', '2018-10-19 00:12:16'),
(600, 1, 'profile', 'visit', '2018-12-14 12:00:58'),
(601, 5, 'profile', 'visit', '2019-01-31 04:46:21'),
(602, 1, 'loggedin', 'visit', '2018-11-15 01:48:26'),
(603, 5, 'chat', 'visit', '2018-10-06 15:25:47'),
(604, 8, 'chat', 'visit', '2019-01-31 01:59:57'),
(605, 4, 'chat', 'visit', '2018-12-22 07:47:18'),
(606, 7, 'loggedin', 'visit', '2018-10-19 10:41:22'),
(607, 7, 'search', 'visit', '2019-02-01 10:01:59'),
(608, 1, 'search', 'visit', '2018-11-12 06:37:09'),
(609, 4, 'chat', 'visit', '2018-12-15 01:54:44'),
(610, 2, 'search', 'visit', '2018-10-05 03:10:43'),
(611, 8, 'search', 'visit', '2018-11-10 23:41:47'),
(612, 6, 'loggedin', 'visit', '2019-01-12 03:24:05'),
(613, 4, 'profile', 'visit', '2019-01-27 06:51:43'),
(614, 3, 'loggedin', 'visit', '2018-12-21 00:09:07'),
(615, 7, 'chat', 'visit', '2018-11-30 06:57:37'),
(616, 7, 'chat', 'visit', '2019-01-07 13:17:24'),
(617, 4, 'profile', 'visit', '2018-12-15 16:50:09'),
(618, 8, 'profile', 'visit', '2019-01-25 04:23:27'),
(619, 6, 'loggedin', 'visit', '2019-01-15 22:22:46'),
(620, 3, 'search', 'visit', '2018-12-18 14:53:12'),
(621, 8, 'loggedin', 'visit', '2018-12-29 11:40:53'),
(622, 5, 'search', 'visit', '2018-10-14 07:52:25'),
(623, 3, 'chat', 'visit', '2018-12-31 17:16:22'),
(624, 8, 'loggedin', 'visit', '2019-01-01 05:57:08'),
(625, 4, 'chat', 'visit', '2018-10-15 15:16:45'),
(626, 1, 'search', 'visit', '2018-11-04 06:53:57'),
(627, 6, 'chat', 'visit', '2019-01-20 06:59:25'),
(628, 4, 'profile', 'visit', '2018-12-18 11:50:40'),
(629, 2, 'chat', 'visit', '2018-12-02 16:47:54'),
(630, 2, 'profile', 'visit', '2018-10-14 09:46:02'),
(631, 8, 'profile', 'visit', '2018-11-09 21:15:57'),
(632, 3, 'loggedin', 'visit', '2018-11-12 05:44:11'),
(633, 5, 'chat', 'visit', '2019-01-30 04:02:11'),
(634, 8, 'chat', 'visit', '2019-01-09 19:57:30'),
(635, 6, 'loggedin', 'visit', '2018-12-23 09:07:05'),
(636, 7, 'profile', 'visit', '2019-02-04 22:42:07'),
(637, 2, 'profile', 'visit', '2018-10-02 14:19:01'),
(638, 7, 'chat', 'visit', '2019-01-28 03:47:54'),
(639, 5, 'loggedin', 'visit', '2018-10-04 11:25:01'),
(640, 3, 'search', 'visit', '2019-01-07 10:32:25'),
(641, 5, 'loggedin', 'visit', '2018-10-14 22:40:05'),
(642, 6, 'search', 'visit', '2018-11-11 02:35:02'),
(643, 6, 'profile', 'visit', '2018-11-27 02:10:28'),
(644, 6, 'profile', 'visit', '2018-11-28 21:22:20'),
(645, 8, 'loggedin', 'visit', '2018-11-16 04:45:45'),
(646, 8, 'profile', 'visit', '2018-11-08 12:59:27'),
(647, 5, 'chat', 'visit', '2018-10-19 20:19:05'),
(648, 7, 'profile', 'visit', '2018-11-16 18:58:46'),
(649, 1, 'profile', 'visit', '2018-11-28 09:09:03'),
(650, 1, 'chat', 'visit', '2019-01-20 00:09:20'),
(651, 8, 'profile', 'visit', '2019-01-14 21:46:51'),
(652, 5, 'loggedin', 'visit', '2018-11-08 09:03:47'),
(653, 8, 'chat', 'visit', '2019-01-10 02:14:17'),
(654, 8, 'search', 'visit', '2018-11-18 07:11:41'),
(655, 6, 'profile', 'visit', '2019-01-05 17:31:33'),
(656, 1, 'chat', 'visit', '2018-10-03 09:37:52'),
(657, 8, 'chat', 'visit', '2018-10-11 14:43:08'),
(658, 3, 'profile', 'visit', '2019-01-24 15:57:43'),
(659, 4, 'chat', 'visit', '2018-11-27 07:03:58'),
(660, 8, 'chat', 'visit', '2019-01-12 04:37:21'),
(661, 2, 'profile', 'visit', '2018-12-07 20:01:25'),
(662, 8, 'loggedin', 'visit', '2019-01-27 08:20:41'),
(663, 1, 'loggedin', 'visit', '2018-11-22 06:19:26'),
(664, 2, 'search', 'visit', '2019-02-02 11:50:19'),
(665, 1, 'loggedin', 'visit', '2018-12-16 06:29:49'),
(666, 5, 'loggedin', 'visit', '2018-11-29 07:43:08'),
(667, 8, 'chat', 'visit', '2018-11-04 11:23:44'),
(668, 6, 'loggedin', 'visit', '2018-10-13 02:10:55'),
(669, 8, 'search', 'visit', '2018-11-15 09:14:19'),
(670, 6, 'chat', 'visit', '2018-10-18 03:39:29'),
(671, 1, 'search', 'visit', '2018-11-12 01:24:26'),
(672, 1, 'chat', 'visit', '2019-01-03 01:11:59'),
(673, 3, 'chat', 'visit', '2019-02-03 07:01:38'),
(674, 7, 'loggedin', 'visit', '2018-10-24 10:10:18'),
(675, 3, 'chat', 'visit', '2018-10-28 10:14:25'),
(676, 3, 'search', 'visit', '2019-01-03 12:30:53'),
(677, 1, 'profile', 'visit', '2018-12-02 14:19:38'),
(678, 8, 'search', 'visit', '2019-01-15 20:35:38'),
(679, 5, 'chat', 'visit', '2018-11-22 11:49:51'),
(680, 2, 'profile', 'visit', '2019-01-15 20:03:45'),
(681, 6, 'profile', 'visit', '2018-10-09 18:29:22'),
(682, 4, 'loggedin', 'visit', '2019-01-24 19:58:05'),
(683, 2, 'search', 'visit', '2018-11-06 18:46:57'),
(684, 8, 'search', 'visit', '2018-11-03 15:40:54'),
(685, 5, 'loggedin', 'visit', '2018-12-18 04:03:52'),
(686, 3, 'loggedin', 'visit', '2019-01-03 10:48:48'),
(687, 8, 'chat', 'visit', '2018-10-08 00:41:35'),
(688, 4, 'profile', 'visit', '2018-12-06 11:23:14'),
(689, 3, 'profile', 'visit', '2018-12-08 23:51:22'),
(690, 1, 'chat', 'visit', '2018-12-05 00:13:24'),
(691, 5, 'chat', 'visit', '2018-10-15 12:42:59'),
(692, 2, 'profile', 'visit', '2018-12-16 20:12:57'),
(693, 8, 'loggedin', 'visit', '2019-01-14 01:25:28'),
(694, 4, 'search', 'visit', '2019-01-20 05:29:57'),
(695, 3, 'loggedin', 'visit', '2019-01-22 12:40:38'),
(696, 1, 'search', 'visit', '2018-11-29 23:13:55'),
(697, 1, 'profile', 'visit', '2018-12-11 08:43:27'),
(698, 1, 'chat', 'visit', '2018-12-30 14:37:11'),
(699, 2, 'loggedin', 'visit', '2019-02-01 12:22:02'),
(700, 4, 'profile', 'visit', '2018-10-02 11:13:06'),
(701, 4, 'search', 'visit', '2019-01-13 05:03:15'),
(702, 4, 'profile', 'visit', '2018-11-13 07:55:44'),
(703, 2, 'search', 'visit', '2018-10-30 10:19:28'),
(704, 3, 'search', 'visit', '2019-01-26 11:16:33'),
(705, 6, 'chat', 'visit', '2019-01-07 04:26:48'),
(706, 8, 'loggedin', 'visit', '2018-11-22 02:38:29'),
(707, 7, 'loggedin', 'visit', '2018-12-18 21:18:34'),
(708, 7, 'loggedin', 'visit', '2018-10-14 04:01:52'),
(709, 3, 'loggedin', 'visit', '2019-01-02 01:06:59'),
(710, 3, 'loggedin', 'visit', '2018-10-12 08:46:29'),
(711, 3, 'loggedin', 'visit', '2018-10-10 22:47:50'),
(712, 2, 'loggedin', 'visit', '2019-01-21 21:30:13'),
(713, 2, 'profile', 'visit', '2018-11-21 21:36:51'),
(714, 8, 'search', 'visit', '2018-10-25 18:23:02'),
(715, 8, 'chat', 'visit', '2018-11-07 16:40:09'),
(716, 1, 'search', 'visit', '2018-11-30 22:48:27'),
(717, 8, 'search', 'visit', '2019-01-10 10:57:19'),
(718, 1, 'loggedin', 'visit', '2018-11-04 10:31:34'),
(719, 5, 'search', 'visit', '2018-10-22 20:15:58'),
(720, 8, 'chat', 'visit', '2019-02-02 01:12:36'),
(721, 5, 'search', 'visit', '2019-01-30 08:44:13'),
(722, 1, 'profile', 'visit', '2018-11-18 12:05:59'),
(723, 8, 'search', 'visit', '2018-10-03 21:14:21'),
(724, 3, 'search', 'visit', '2018-11-14 15:15:46'),
(725, 3, 'loggedin', 'visit', '2019-01-12 18:28:17'),
(726, 8, 'loggedin', 'visit', '2018-11-08 14:35:37'),
(727, 1, 'chat', 'visit', '2018-12-17 13:12:29'),
(728, 2, 'search', 'visit', '2019-01-06 00:12:42'),
(729, 1, 'profile', 'visit', '2018-11-12 12:17:59'),
(730, 6, 'loggedin', 'visit', '2019-01-17 18:54:21'),
(731, 8, 'loggedin', 'visit', '2018-12-19 08:25:32'),
(732, 5, 'chat', 'visit', '2018-10-02 21:07:02'),
(733, 3, 'chat', 'visit', '2019-01-31 13:01:02'),
(734, 5, 'loggedin', 'visit', '2019-01-12 14:34:32'),
(735, 4, 'chat', 'visit', '2018-10-19 09:47:15'),
(736, 8, 'loggedin', 'visit', '2019-01-30 06:32:55'),
(737, 1, 'loggedin', 'visit', '2018-12-16 16:02:53'),
(738, 4, 'loggedin', 'visit', '2018-11-26 21:24:47'),
(739, 7, 'profile', 'visit', '2018-11-02 20:51:43'),
(740, 1, 'chat', 'visit', '2018-11-06 06:48:48'),
(741, 8, 'search', 'visit', '2018-11-20 19:32:30'),
(742, 3, 'chat', 'visit', '2018-10-04 13:44:53'),
(743, 2, 'loggedin', 'visit', '2018-10-11 02:17:18'),
(744, 6, 'loggedin', 'visit', '2018-12-05 07:57:10'),
(745, 2, 'search', 'visit', '2019-01-14 06:48:37'),
(746, 1, 'loggedin', 'visit', '2018-10-17 10:54:19'),
(747, 4, 'profile', 'visit', '2018-10-29 02:55:06'),
(748, 6, 'loggedin', 'visit', '2018-10-07 09:20:32'),
(749, 7, 'chat', 'visit', '2019-01-13 11:13:20'),
(750, 1, 'search', 'visit', '2018-12-10 14:11:36'),
(751, 5, 'profile', 'visit', '2018-12-23 05:04:20'),
(752, 3, 'chat', 'visit', '2018-11-16 18:28:16'),
(753, 8, 'chat', 'visit', '2018-10-28 03:50:46'),
(754, 4, 'search', 'visit', '2018-10-11 06:49:57'),
(755, 8, 'search', 'visit', '2019-02-03 13:12:37'),
(756, 1, 'profile', 'visit', '2019-01-16 09:50:05'),
(757, 2, 'loggedin', 'visit', '2018-11-23 15:26:02'),
(758, 2, 'loggedin', 'visit', '2018-12-21 21:20:01'),
(759, 5, 'search', 'visit', '2018-11-02 00:20:50'),
(760, 5, 'chat', 'visit', '2018-10-26 03:59:08'),
(761, 2, 'search', 'visit', '2018-10-23 17:57:04'),
(762, 8, 'chat', 'visit', '2018-12-01 00:11:33'),
(763, 4, 'chat', 'visit', '2018-12-21 11:33:22'),
(764, 3, 'search', 'visit', '2018-10-21 21:15:12'),
(765, 6, 'chat', 'visit', '2018-10-08 21:15:21'),
(766, 4, 'loggedin', 'visit', '2018-11-15 07:54:04'),
(767, 4, 'loggedin', 'visit', '2018-12-20 18:49:05'),
(768, 2, 'search', 'visit', '2018-12-28 15:35:38'),
(769, 7, 'loggedin', 'visit', '2018-12-24 09:11:19'),
(770, 8, 'profile', 'visit', '2018-11-20 14:29:37'),
(771, 2, 'chat', 'visit', '2019-02-02 12:46:26'),
(772, 2, 'chat', 'visit', '2018-11-14 14:25:26'),
(773, 3, 'search', 'visit', '2019-01-22 00:01:37'),
(774, 2, 'search', 'visit', '2019-01-26 16:38:01'),
(775, 2, 'chat', 'visit', '2018-12-05 02:13:11'),
(776, 3, 'loggedin', 'visit', '2018-12-26 15:44:53'),
(777, 4, 'chat', 'visit', '2019-01-11 03:58:24'),
(778, 6, 'chat', 'visit', '2018-12-24 02:08:18'),
(779, 2, 'loggedin', 'visit', '2018-12-13 00:22:27'),
(780, 8, 'search', 'visit', '2018-12-29 00:40:13'),
(781, 2, 'profile', 'visit', '2019-01-14 18:48:04'),
(782, 1, 'loggedin', 'visit', '2018-10-04 14:14:35'),
(783, 2, 'loggedin', 'visit', '2018-12-17 12:13:35'),
(784, 7, 'loggedin', 'visit', '2018-12-22 01:33:59'),
(785, 3, 'search', 'visit', '2019-01-08 12:20:53'),
(786, 6, 'loggedin', 'visit', '2018-11-05 18:41:56'),
(787, 6, 'loggedin', 'visit', '2018-11-07 10:04:02'),
(788, 2, 'loggedin', 'visit', '2018-10-19 04:55:10'),
(789, 1, 'loggedin', 'visit', '2018-12-20 10:52:45'),
(790, 3, 'chat', 'visit', '2018-12-13 01:14:06'),
(791, 5, 'loggedin', 'visit', '2019-01-19 19:45:12'),
(792, 4, 'profile', 'visit', '2018-12-07 07:54:35'),
(793, 5, 'profile', 'visit', '2018-11-10 13:39:37'),
(794, 8, 'profile', 'visit', '2018-12-11 18:00:01'),
(795, 5, 'loggedin', 'visit', '2018-12-26 01:18:01'),
(796, 4, 'chat', 'visit', '2019-01-13 13:33:06'),
(797, 8, 'loggedin', 'visit', '2018-11-09 16:01:58'),
(798, 7, 'chat', 'visit', '2018-11-23 14:40:17'),
(799, 4, 'profile', 'visit', '2018-12-30 12:58:59'),
(800, 8, 'chat', 'visit', '2019-01-21 00:13:08'),
(801, 1, 'search', 'visit', '2019-01-15 21:58:30'),
(802, 5, 'profile', 'visit', '2018-10-12 18:52:04'),
(803, 6, 'search', 'visit', '2018-12-29 03:24:16'),
(804, 6, 'search', 'visit', '2018-11-27 21:49:41'),
(805, 3, 'search', 'visit', '2018-11-16 05:41:38'),
(806, 5, 'profile', 'visit', '2018-11-07 10:55:40'),
(807, 6, 'loggedin', 'visit', '2019-01-05 03:15:06'),
(808, 4, 'loggedin', 'visit', '2019-01-18 19:49:46'),
(809, 8, 'profile', 'visit', '2018-11-04 05:40:39'),
(810, 5, 'loggedin', 'visit', '2018-12-28 22:09:36'),
(811, 5, 'search', 'visit', '2018-11-08 03:40:15'),
(812, 4, 'profile', 'visit', '2018-12-14 17:56:13'),
(813, 7, 'chat', 'visit', '2018-11-08 12:02:28'),
(814, 3, 'profile', 'visit', '2018-10-14 08:53:29'),
(815, 5, 'chat', 'visit', '2019-01-12 23:57:06'),
(816, 6, 'loggedin', 'visit', '2018-10-15 03:55:35'),
(817, 1, 'loggedin', 'visit', '2018-11-01 07:12:50'),
(818, 6, 'chat', 'visit', '2018-10-21 20:35:58'),
(819, 5, 'loggedin', 'visit', '2018-11-27 20:37:35'),
(820, 4, 'profile', 'visit', '2018-10-03 23:09:51'),
(821, 2, 'chat', 'visit', '2018-10-17 21:39:25'),
(822, 7, 'loggedin', 'visit', '2018-11-13 13:15:56'),
(823, 1, 'profile', 'visit', '2018-11-29 17:13:00'),
(824, 1, 'profile', 'visit', '2019-01-17 01:11:34'),
(825, 8, 'profile', 'visit', '2018-12-13 07:10:14'),
(826, 7, 'profile', 'visit', '2018-10-13 20:56:10'),
(827, 7, 'chat', 'visit', '2018-12-09 05:04:09'),
(828, 8, 'search', 'visit', '2019-01-12 01:08:27'),
(829, 6, 'profile', 'visit', '2018-11-16 18:47:04'),
(830, 3, 'search', 'visit', '2018-10-27 15:04:08'),
(831, 8, 'loggedin', 'visit', '2018-10-31 16:47:07'),
(832, 6, 'profile', 'visit', '2018-10-15 18:09:02'),
(833, 3, 'profile', 'visit', '2018-11-05 10:01:34'),
(834, 5, 'profile', 'visit', '2018-10-09 05:16:49'),
(835, 1, 'loggedin', 'visit', '2019-01-09 03:10:10'),
(836, 7, 'search', 'visit', '2018-12-13 21:19:34'),
(837, 4, 'profile', 'visit', '2018-10-19 06:15:03'),
(838, 7, 'profile', 'visit', '2019-01-13 18:48:04'),
(839, 5, 'search', 'visit', '2018-10-14 21:13:41'),
(840, 2, 'loggedin', 'visit', '2018-10-22 13:11:04'),
(841, 8, 'chat', 'visit', '2019-01-04 14:29:03'),
(842, 5, 'search', 'visit', '2018-11-01 19:06:57'),
(843, 5, 'loggedin', 'visit', '2018-10-04 04:55:08'),
(844, 1, 'chat', 'visit', '2018-12-01 00:23:10'),
(845, 5, 'search', 'visit', '2018-11-12 02:30:11'),
(846, 5, 'profile', 'visit', '2018-11-03 20:37:48'),
(847, 1, 'chat', 'visit', '2018-11-07 14:58:17'),
(848, 5, 'loggedin', 'visit', '2018-12-10 09:02:17'),
(849, 1, 'search', 'visit', '2019-01-04 11:05:23'),
(850, 6, 'loggedin', 'visit', '2018-11-05 14:26:40'),
(851, 8, 'loggedin', 'visit', '2018-10-20 03:53:04'),
(852, 3, 'loggedin', 'visit', '2018-10-02 02:31:42'),
(853, 8, 'loggedin', 'visit', '2018-11-15 08:39:39'),
(854, 1, 'profile', 'visit', '2018-12-07 16:56:38'),
(855, 1, 'search', 'visit', '2019-01-27 07:51:32'),
(856, 5, 'search', 'visit', '2018-10-12 01:03:40'),
(857, 2, 'search', 'visit', '2018-12-14 14:18:40'),
(858, 7, 'chat', 'visit', '2018-10-28 20:12:03'),
(859, 4, 'search', 'visit', '2018-10-03 08:44:26'),
(860, 4, 'profile', 'visit', '2019-01-02 06:24:29'),
(861, 7, 'search', 'visit', '2019-02-05 06:11:07'),
(862, 7, 'search', 'visit', '2018-12-20 10:51:31'),
(863, 1, 'profile', 'visit', '2019-01-31 18:52:25'),
(864, 7, 'chat', 'visit', '2018-10-15 09:15:52'),
(865, 3, 'search', 'visit', '2018-12-04 01:00:02'),
(866, 5, 'search', 'visit', '2018-11-17 09:46:25'),
(867, 1, 'search', 'visit', '2018-11-15 21:22:09'),
(868, 7, 'profile', 'visit', '2019-01-05 13:37:44'),
(869, 2, 'profile', 'visit', '2019-01-23 07:29:28'),
(870, 7, 'profile', 'visit', '2018-11-13 07:48:01'),
(871, 6, 'profile', 'visit', '2018-11-04 10:38:32'),
(872, 7, 'search', 'visit', '2018-10-25 19:41:04'),
(873, 8, 'profile', 'visit', '2019-01-06 13:46:50'),
(874, 8, 'chat', 'visit', '2018-10-23 13:38:03'),
(875, 6, 'chat', 'visit', '2018-12-24 20:12:57'),
(876, 7, 'profile', 'visit', '2018-11-12 04:07:51'),
(877, 1, 'search', 'visit', '2018-12-02 11:19:17'),
(878, 1, 'profile', 'visit', '2019-01-26 16:32:46'),
(879, 8, 'profile', 'visit', '2019-01-29 01:10:04'),
(880, 3, 'profile', 'visit', '2019-01-05 04:23:57'),
(881, 6, 'chat', 'visit', '2018-12-12 23:21:25'),
(882, 5, 'profile', 'visit', '2018-10-14 08:55:38'),
(883, 2, 'loggedin', 'visit', '2018-10-12 22:30:10'),
(884, 7, 'loggedin', 'visit', '2018-10-24 12:07:06'),
(885, 3, 'profile', 'visit', '2019-01-05 03:59:00'),
(886, 8, 'loggedin', 'visit', '2019-01-03 10:44:27'),
(887, 6, 'loggedin', 'visit', '2019-01-01 18:42:12'),
(888, 4, 'search', 'visit', '2018-12-07 18:38:11'),
(889, 5, 'search', 'visit', '2019-02-01 00:25:09'),
(890, 1, 'loggedin', 'visit', '2018-12-20 06:36:19'),
(891, 1, 'chat', 'visit', '2018-11-15 00:49:35'),
(892, 7, 'chat', 'visit', '2018-10-11 16:40:01'),
(893, 4, 'loggedin', 'visit', '2018-12-25 07:43:27'),
(894, 8, 'loggedin', 'visit', '2018-11-09 10:53:28'),
(895, 1, 'chat', 'visit', '2019-01-12 09:48:22'),
(896, 4, 'search', 'visit', '2018-10-29 05:14:11'),
(897, 7, 'chat', 'visit', '2018-10-02 12:54:21'),
(898, 6, 'profile', 'visit', '2018-11-12 21:09:27'),
(899, 7, 'loggedin', 'visit', '2018-12-31 02:02:32'),
(900, 7, 'loggedin', 'visit', '2018-10-02 08:33:41'),
(901, 5, 'profile', 'visit', '2019-01-10 13:04:45'),
(902, 3, 'profile', 'visit', '2018-12-05 04:37:25'),
(903, 5, 'search', 'visit', '2019-01-14 21:17:59'),
(904, 2, 'search', 'visit', '2018-12-03 14:47:09'),
(905, 6, 'loggedin', 'visit', '2019-02-03 16:29:45'),
(906, 4, 'chat', 'visit', '2018-10-13 12:03:58'),
(907, 5, 'loggedin', 'visit', '2018-11-13 21:38:51'),
(908, 8, 'profile', 'visit', '2018-10-30 13:39:51'),
(909, 7, 'loggedin', 'visit', '2018-10-25 23:56:45'),
(910, 1, 'chat', 'visit', '2018-12-02 03:50:25'),
(911, 1, 'loggedin', 'visit', '2019-01-24 15:52:57'),
(912, 7, 'chat', 'visit', '2018-10-13 05:01:56'),
(913, 8, 'search', 'visit', '2018-10-24 09:58:26'),
(914, 4, 'loggedin', 'visit', '2018-11-04 04:04:03'),
(915, 6, 'chat', 'visit', '2018-10-29 13:50:26'),
(916, 2, 'loggedin', 'visit', '2019-01-31 14:23:37'),
(917, 4, 'chat', 'visit', '2019-02-01 22:34:25'),
(918, 3, 'loggedin', 'visit', '2018-10-26 21:17:28'),
(919, 8, 'search', 'visit', '2018-12-26 09:51:59'),
(920, 3, 'profile', 'visit', '2019-01-22 06:39:39'),
(921, 1, 'chat', 'visit', '2019-01-13 15:31:15'),
(922, 7, 'loggedin', 'visit', '2018-11-18 20:00:22'),
(923, 5, 'search', 'visit', '2018-10-31 23:04:37'),
(924, 2, 'profile', 'visit', '2018-12-29 16:29:12'),
(925, 3, 'loggedin', 'visit', '2018-11-21 05:30:01'),
(926, 4, 'loggedin', 'visit', '2019-01-03 01:04:48'),
(927, 5, 'loggedin', 'visit', '2018-12-07 22:44:59'),
(928, 5, 'search', 'visit', '2018-10-26 05:20:13'),
(929, 2, 'profile', 'visit', '2018-10-24 01:11:02'),
(930, 2, 'loggedin', 'visit', '2018-12-09 19:20:18'),
(931, 8, 'loggedin', 'visit', '2018-10-08 18:30:41'),
(932, 1, 'search', 'visit', '2018-10-04 21:48:06'),
(933, 6, 'loggedin', 'visit', '2019-01-08 21:55:31'),
(934, 5, 'loggedin', 'visit', '2018-11-09 00:57:52'),
(935, 1, 'profile', 'visit', '2019-01-30 04:12:12'),
(936, 6, 'chat', 'visit', '2018-12-30 09:33:49'),
(937, 4, 'chat', 'visit', '2018-12-18 17:53:43'),
(938, 7, 'loggedin', 'visit', '2019-01-30 00:28:00'),
(939, 4, 'search', 'visit', '2018-12-13 06:11:23'),
(940, 8, 'loggedin', 'visit', '2019-01-09 20:31:56'),
(941, 5, 'loggedin', 'visit', '2018-12-17 00:12:39'),
(942, 3, 'profile', 'visit', '2019-01-07 01:48:34'),
(943, 7, 'chat', 'visit', '2019-01-22 08:00:10'),
(944, 1, 'profile', 'visit', '2018-11-05 05:17:08'),
(945, 5, 'profile', 'visit', '2018-12-30 01:18:54'),
(946, 2, 'chat', 'visit', '2018-11-06 18:53:39'),
(947, 6, 'chat', 'visit', '2018-12-25 18:18:24'),
(948, 7, 'chat', 'visit', '2018-12-29 16:21:15'),
(949, 2, 'loggedin', 'visit', '2018-11-26 23:58:16'),
(950, 4, 'chat', 'visit', '2018-10-06 09:29:30'),
(951, 3, 'profile', 'visit', '2018-12-15 20:00:18'),
(952, 6, 'profile', 'visit', '2019-01-09 12:32:08'),
(953, 5, 'chat', 'visit', '2018-10-08 02:36:30'),
(954, 1, 'profile', 'visit', '2018-12-09 16:14:15'),
(955, 5, 'profile', 'visit', '2018-11-27 10:56:13'),
(956, 2, 'loggedin', 'visit', '2018-11-06 02:02:01'),
(957, 4, 'search', 'visit', '2018-12-17 12:56:34'),
(958, 8, 'chat', 'visit', '2019-01-19 02:51:05'),
(959, 8, 'chat', 'visit', '2019-01-09 09:35:18'),
(960, 6, 'loggedin', 'visit', '2018-11-16 05:39:20'),
(961, 2, 'chat', 'visit', '2018-10-21 05:28:55'),
(962, 5, 'chat', 'visit', '2018-12-04 18:39:52'),
(963, 2, 'search', 'visit', '2018-12-02 16:42:27'),
(964, 2, 'search', 'visit', '2018-11-08 14:40:09'),
(965, 5, 'search', 'visit', '2018-10-28 10:33:08'),
(966, 3, 'chat', 'visit', '2018-10-08 11:29:35'),
(967, 2, 'search', 'visit', '2018-12-30 00:55:37'),
(968, 7, 'profile', 'visit', '2018-10-29 15:30:56'),
(969, 4, 'loggedin', 'visit', '2018-10-23 10:14:59'),
(970, 3, 'chat', 'visit', '2018-11-03 12:51:30'),
(971, 7, 'loggedin', 'visit', '2019-01-03 20:11:35'),
(972, 4, 'profile', 'visit', '2018-12-22 11:52:43'),
(973, 1, 'search', 'visit', '2018-12-13 17:31:45'),
(974, 2, 'chat', 'visit', '2018-12-22 02:44:50'),
(975, 5, 'search', 'visit', '2018-10-11 07:54:57'),
(976, 5, 'search', 'visit', '2018-11-29 01:34:21'),
(977, 6, 'chat', 'visit', '2018-11-06 17:57:51'),
(978, 4, 'search', 'visit', '2019-01-23 23:09:31'),
(979, 1, 'loggedin', 'visit', '2018-10-10 04:40:31'),
(980, 1, 'profile', 'visit', '2019-01-05 14:48:51'),
(981, 8, 'search', 'visit', '2018-10-19 14:03:51'),
(982, 5, 'loggedin', 'visit', '2019-01-09 15:51:17'),
(983, 1, 'profile', 'visit', '2018-10-02 16:41:26'),
(984, 8, 'chat', 'visit', '2019-01-24 14:56:30'),
(985, 5, 'search', 'visit', '2018-11-30 00:17:21'),
(986, 4, 'profile', 'visit', '2018-10-14 16:53:53'),
(987, 6, 'loggedin', 'visit', '2018-12-28 16:59:34'),
(988, 6, 'chat', 'visit', '2019-01-07 00:13:20'),
(989, 5, 'profile', 'visit', '2018-11-28 23:27:32'),
(990, 1, 'profile', 'visit', '2019-01-27 10:54:42'),
(991, 8, 'chat', 'visit', '2018-10-07 10:39:22'),
(992, 4, 'chat', 'visit', '2018-12-25 20:19:12'),
(993, 8, 'profile', 'visit', '2019-01-19 05:14:14'),
(994, 3, 'search', 'visit', '2018-11-21 13:58:49'),
(995, 1, 'chat', 'visit', '2018-12-04 14:54:14');
INSERT INTO `log` (`id`, `userID`, `site`, `activity`, `date`) VALUES
(996, 1, 'loggedin', 'visit', '2019-01-20 04:45:14'),
(997, 5, 'loggedin', 'visit', '2019-01-13 21:24:20'),
(998, 2, 'search', 'visit', '2019-01-12 22:40:03'),
(999, 1, 'loggedin', 'visit', '2018-12-20 22:11:00'),
(1000, 2, 'loggedin', 'visit', '2019-01-19 21:03:40');

-- --------------------------------------------------------

--
-- Tábla szerkezet ehhez a táblához `states`
--

CREATE TABLE `states` (
  `id` int(11) NOT NULL,
  `state_name` varchar(35) COLLATE utf8_hungarian_ci NOT NULL
) ENGINE=InnoDB DEFAULT CHARSET=utf8 COLLATE=utf8_hungarian_ci;

--
-- A tábla adatainak kiíratása `states`
--

INSERT INTO `states` (`id`, `state_name`) VALUES
(1, 'Győr-Moson-Sopron megye'),
(2, 'Vas megye'),
(3, 'Zala megye'),
(4, 'Pest megye'),
(5, 'Fejér megye'),
(6, 'Komárom-Esztergom megye'),
(7, 'Veszprém megye'),
(8, 'Borsod-Abaúj-Zemplén megye'),
(9, 'Heves megye'),
(10, 'Nógrád megye'),
(11, 'Hajdú-Bihar megye'),
(12, 'Jász-Nagykun-Szolnok megye'),
(13, 'Szabolcs-Szatmár-Bereg megye'),
(14, 'Baranya megye'),
(15, 'Somogy megye'),
(16, 'Tolna megye'),
(17, 'Bács-Kiskun megye'),
(18, 'Békés megye'),
(19, 'Csongrád megye');

-- --------------------------------------------------------

--
-- Tábla szerkezet ehhez a táblához `users`
--

CREATE TABLE `users` (
  `userID` int(11) NOT NULL,
  `first_name` varchar(50) COLLATE utf8_hungarian_ci NOT NULL,
  `last_name` varchar(50) COLLATE utf8_hungarian_ci NOT NULL,
  `email` varchar(50) COLLATE utf8_hungarian_ci NOT NULL,
  `password` varchar(100) COLLATE utf8_hungarian_ci NOT NULL,
  `category` varchar(50) COLLATE utf8_hungarian_ci NOT NULL,
  `profile_image` varchar(30) COLLATE utf8_hungarian_ci NOT NULL DEFAULT 'images/Profile.svg'
) ENGINE=InnoDB DEFAULT CHARSET=utf8 COLLATE=utf8_hungarian_ci;

--
-- A tábla adatainak kiíratása `users`
--

INSERT INTO `users` (`userID`, `first_name`, `last_name`, `email`, `password`, `category`, `profile_image`) VALUES
(1, 'Gábor', 'Dániel', 'gabord162@gmail.com', '$2y$10$WC6Uc.ZRNnmU9rIEjnC42O4bySdPiFZwXztBGlGrQiulfX54ERxam', 'contractor', 'images/profile/gabord162.png'),
(2, 'Nyári', 'Zoltán', 'zolko@gmail.com', '$2y$10$dwA4IcZJ1oEq8VodaiQspuI5yiHmAIeQTBU5qN4U1MFWpdcSpuUA2', 'individual', 'images/Profile.svg'),
(3, 'Kecskés', 'Laci', 'kecskesl@gmail.com', '$2y$10$tyfvvQ2cM8Q4awvJvMV0vey/.6RTUWtf27ebz86GnlTsIhnLtRIiO', 'individual', 'images/Profile.svg'),
(4, 'Marosi', 'Márk', 'marism@gmail.com', '$2y$10$XwNEel8Gyi1zhA033.SVXeKu8/SO8ExpCJnK6VmJOvUymFq1ksJyW', 'contractor', 'images/Profile.svg'),
(5, 'Teszt', 'Teszt', 'teszt@gmail.com', '$2y$10$r8A8oZ/A5P2J8YH9UOczyOaTOwEWlf.egTeupiK/KAUg1CWtaJXMm', 'contractor', 'images/Profile.svg'),
(6, 'Teszt', 'Elek', 'teszte@gmail.com', '$2y$10$HzRx0ZhmJnCmsOOHGFJSn.b74NfeuvVssKpT3EuyBDg5bIYTZLGdy', 'contractor', 'images/Profile.svg'),
(7, 'Teszt', 'Elek', 'tesztel@gmail.com', '$2y$10$3NaDXRmjjiL5pERAwjnkb.cJiR8KybdKFZLxuZGSPUUZ2s8ixM9ly', 'contractor', 'images/Profile.svg'),
(8, 'Teszt', 'Elek', 'tesztele@gmail.com', '$2y$10$IJ8SWYeoueIKVDdqYXVWqOH2YeL8L0J.OcNfi1dz33RIVJvR1IVOC', 'contractor', 'images/Profile.svg');

--
-- Indexek a kiírt táblákhoz
--

--
-- A tábla indexei `chat`
--
ALTER TABLE `chat`
  ADD PRIMARY KEY (`id`);

--
-- A tábla indexei `contractors`
--
ALTER TABLE `contractors`
  ADD PRIMARY KEY (`id`);

--
-- A tábla indexei `likes`
--
ALTER TABLE `likes`
  ADD PRIMARY KEY (`id`);

--
-- A tábla indexei `log`
--
ALTER TABLE `log`
  ADD PRIMARY KEY (`id`);

--
-- A tábla indexei `states`
--
ALTER TABLE `states`
  ADD PRIMARY KEY (`id`);

--
-- A tábla indexei `users`
--
ALTER TABLE `users`
  ADD PRIMARY KEY (`userID`);

--
-- A kiírt táblák AUTO_INCREMENT értéke
--

--
-- AUTO_INCREMENT a táblához `chat`
--
ALTER TABLE `chat`
  MODIFY `id` int(11) NOT NULL AUTO_INCREMENT, AUTO_INCREMENT=9;

--
-- AUTO_INCREMENT a táblához `contractors`
--
ALTER TABLE `contractors`
  MODIFY `id` int(11) NOT NULL AUTO_INCREMENT, AUTO_INCREMENT=7;

--
-- AUTO_INCREMENT a táblához `likes`
--
ALTER TABLE `likes`
  MODIFY `id` int(11) NOT NULL AUTO_INCREMENT, AUTO_INCREMENT=4;

--
-- AUTO_INCREMENT a táblához `log`
--
ALTER TABLE `log`
  MODIFY `id` int(11) NOT NULL AUTO_INCREMENT, AUTO_INCREMENT=1001;

--
-- AUTO_INCREMENT a táblához `states`
--
ALTER TABLE `states`
  MODIFY `id` int(11) NOT NULL AUTO_INCREMENT, AUTO_INCREMENT=20;

--
-- AUTO_INCREMENT a táblához `users`
--
ALTER TABLE `users`
  MODIFY `userID` int(11) NOT NULL AUTO_INCREMENT, AUTO_INCREMENT=9;
COMMIT;

/*!40101 SET CHARACTER_SET_CLIENT=@OLD_CHARACTER_SET_CLIENT */;
/*!40101 SET CHARACTER_SET_RESULTS=@OLD_CHARACTER_SET_RESULTS */;
/*!40101 SET COLLATION_CONNECTION=@OLD_COLLATION_CONNECTION */;
